Organization Name,Organization Name URL,Categories,Headquarters Location,Description,CB Rank (Company)
Unity Technologies,https://www.crunchbase.com/organization/unity-technologies,"3D Technology, Content, Embedded Systems, Enterprise Software, Video Games, Virtual Reality","San Francisco, California, United States","Unity Technologies is the creator of Unity, a high-performance end-to-end development platform that creates rich interactive experiences.","2,316"
New Knowledge,https://www.crunchbase.com/organization/popily,"Analytics, Embedded Systems, Information Technology","Austin, Texas, United States",New Knowledge is a company that builds technologies to automate machine learning and predict human behavior.,"4,003"
PreNav,https://www.crunchbase.com/organization/prenav,"Aerospace, Drones, Embedded Systems, Navigation, Robotics, Telecommunications","San Carlos, California, United States",PreNav develops precision drone system for industrial inspection.,"6,908"
Intrinsic ID,https://www.crunchbase.com/organization/intrinsic-id,"Embedded Systems, Security","Sunnyvale, California, United States","Intrinsic ID is the leading digital authentication company for IoT, using unique IDs to authenticate chips, data and devices.","7,721"
GainSpan,https://www.crunchbase.com/organization/gainspan,"Battery, Embedded Systems, Manufacturing, Semiconductor","San Jose, California, United States","GainSpan designs ultra low-power Wi-Fi modules for battery-powered, embedded WiFi applications.","7,817"
SyncThink,https://www.crunchbase.com/organization/syncthink-inc,"Health Care, Health Diagnostics, Medical Device, Virtual Reality","Palo Alto, California, United States",SyncThink provides neuro-technology with foundational IP in eye-tracking metrics and devices.,"10,254"
SecureRF Corporation,https://www.crunchbase.com/organization/securerf-corporation,"Cyber Security, Embedded Systems, NFC, Power Grid, RFID, Security","Shelton, Connecticut, United States","SecureRF Corporation provides security solutions for wireless sensors, smart grids, NFC, RFID, and other embedded systems.","14,738"
Seriforge,https://www.crunchbase.com/organization/seriforge,"3D Technology, Embedded Systems","San Francisco, California, United States",Seriforge is automating carbon fiber fabrication for mass production applications.,"16,628"
Cinder,https://www.crunchbase.com/organization/palate-home,"Cooking, Embedded Systems, Hardware, Software","Palo Alto, California, United States",Cinder designs and manufactures smart cooking appliances that empower people who love food to evolve the way they cook and eat at home.,"19,939"
Aplicor,https://www.crunchbase.com/organization/aplicor,"CRM, Embedded Systems, Enterprise Software, Wholesale","Boca Raton, Florida, United States","Aplicor provides cloud enabled applications to drive your core processes, allowing you to concentrate on building revenue & profitability.","21,302"
NimbeLink,https://www.crunchbase.com/organization/nimbelink,"Embedded Systems, Software","Plymouth, Minnesota, United States","NimbeLink is a fast-growing provider of cellular modems, cellular gateway systems, and developer services.","23,930"
Virtium,https://www.crunchbase.com/organization/virtium,"Computer, Embedded Systems, Enterprise Software, Hardware","Santa Margarita, California, United States","A Rancho Santa Margarita, Calif.-based provider of industrial memory and embedded solid state drive products","26,955"
ZeroG Wireless,https://www.crunchbase.com/organization/zerog-wireless,"Embedded Systems, Hardware, Semiconductor, Software, Wireless","Sunnyvale, California, United States","ZeroG develops Wi-Fi chips that enable the 4th age of wireless by using low-power, integrated design and embedded systems.","29,761"
Arynga,https://www.crunchbase.com/organization/arynga,"Automotive, Embedded Systems","San Diego, California, United States",Arynga offers vehicle management software solutions allowing users to remotely update and maintain software and firmware related to vhicles.,"29,806"
Sviral,https://www.crunchbase.com/organization/sviral,"Communications Infrastructure, Embedded Systems, Optical Communication, Software","Santa Clara, California, United States","SVIRAL, Inc. develops a technology that enables the creation of a new category of applications","31,565"
Xi3,https://www.crunchbase.com/organization/xi3,"Embedded Systems, Hardware, Manufacturing, Software","Salt Lake City, Utah, United States","Xi3 offers computer architecture to manufacture tiny, modular and energy efficient desktop computers, servers and embedded systems.","31,849"
SRC Computers,https://www.crunchbase.com/organization/src-computers,"Computer, Data Center, Embedded Systems, Software","Colorado Springs, Colorado, United States","SRC Computers LLC develops servers, workstations and embedded systems to assist businesses, researchers and innovators.","33,651"
Open Kernel Labs,https://www.crunchbase.com/organization/open-kernel-labs,"Embedded Systems, Enterprise Software, Professional Services, Virtualization","Chicago, Illinois, United States",Open Kernel Labs supplies software products and professional services to OEMs and organizations that develop and deploy intelligent devices.,"34,755"
Arborlight,https://www.crunchbase.com/organization/arborlight,"Embedded Systems, Manufacturing","Plymouth, Michigan, United States","Arborlight is an integrator of LED components, optics, and embedded systems","37,593"
Sequitur Labs Inc.,https://www.crunchbase.com/organization/sequitur-labs,"Embedded Systems, Security, Software","Issaquah, Washington, United States",Sequitur Labs Inc. develops seminal technologies to deliver foundational security for IoT and embedded systems.,"40,140"
VirtualLogix,https://www.crunchbase.com/organization/virtuallogix,"DSP, Embedded Systems, Mobile, Software, Virtualization","Sunnyvale, California, United States",VirtualLogix develops and markets virtualization software solutions for connected devices and networks.,"43,371"
Ilink Systems,https://www.crunchbase.com/organization/ilink-systems,"Embedded Systems, Software","Redmond, Washington, United States","iLink Systems a software company that develops custom applications, components, and frameworks on the Microsoft platform.","51,979"
Super Micro Computer,https://www.crunchbase.com/organization/super-micro-computer,"Cloud Computing, Cloud Infrastructure, Embedded Systems, Manufacturing","San Jose, California, United States","A global leader in high-performance, high-efficiency server technology and innovation.","52,564"
National Instruments,https://www.crunchbase.com/organization/national-instruments,"Embedded Systems, Hardware, Software, Test and Measurement","Austin, Texas, United States",Measurement and automation products,"53,180"
Red Balloon Security,https://www.crunchbase.com/organization/red-balloon-secrurity,"Cyber Security, Embedded Systems, Internet of Things, Network Security","New York, New York, United States",RBS is developing security products and services that are based upon the Software Symbiote technology.,"61,987"
Packet Digital,https://www.crunchbase.com/organization/packet-digital,"Embedded Systems, Hardware, Software","Hazelton, North Dakota, United States",Packet Digital develops power management solutions for portable electronics and embedded systems.,"62,478"
Satin Technologies,https://www.crunchbase.com/organization/satin-technologies,"EDA, Embedded Systems, Software","Sunnyvale, California, United States",Satin Technologies delivers software solutions for fact-based design quality monitoring.,"71,370"
Senrio,https://www.crunchbase.com/organization/senrio,"Cyber Security, Embedded Systems, Industrial Automation, Internet of Things, Security, Smart Building","Portland, Oregon, United States","Providing visibility, insight & awareness of network embedded devices (IoT) to support enterprise-wide security and safety.","72,323"
Abaco Systems,https://www.crunchbase.com/organization/abaco-systems,"Aerospace, Architecture, Electronics, Embedded Systems","Huntsville, Alabama, United States","Global leader in open architecture rugged embedded systems, combining the attitude and customer focus of a startup with 30 years experience.","73,953"
EngineLab,https://www.crunchbase.com/organization/enginelab,"Embedded Systems, Software","Missoula, Montana, United States",EngineLab designs and develops electronics embedded systems for automotive electronics control unit requirements.,"74,366"
Faststream Technologies,https://www.crunchbase.com/organization/faststream-technologies,"Computer, E-Commerce, Electronics, Embedded Systems, Hardware, SaaS, Software","Los Angeles, California, United States","Faststream Technologies is a vanguard of technology solutions, specializing in Product & System Engineering.","75,309"
Uniken,https://www.crunchbase.com/organization/uniken,"Cyber Security, Embedded Systems, Security","Chatham, New Jersey, United States","Uniken provides REL-ID, a distributed digital trust platform","75,812"
RunSafe Security Inc.,https://www.crunchbase.com/organization/runsafe-security-inc,"Cloud Security, Cyber Security, Fleet Management, Real Time, Security","Mclean, Virginia, United States",RunSafe Security is the pioneer of a unique cyberhardening technology for vulnerable embedded systems and devices.,"75,819"
whiteCryption,https://www.crunchbase.com/organization/whitecryption,"Cyber Security, Privacy, Security, Software","Sunnyvale, California, United States",whiteCryption® is a leading provider of software code protection and whitebox cryptography products.,"75,985"
Danlaw,https://www.crunchbase.com/organization/danlaw,"Automotive, Consumer Electronics, Embedded Systems","Novi, Michigan, United States","Danlaw is a provider of telematics, automotive electronics and embedded engineering services.","78,446"
Intelligent Product Solutions,https://www.crunchbase.com/organization/intelligent-product-solutions,"Consulting, Embedded Systems, Mechanical Engineering, Product Design, Project Management, Software Engineering, UX Design","Hauppauge, New York, United States","IPS is a product design company providing full, end-to-end services that range from ideation through sustaining engineering.","88,020"
Art+Logic,https://www.crunchbase.com/organization/art-logic,"Apps, Consulting, Embedded Systems, Enterprise Software, Internet, Internet of Things, SaaS, Software, Web Development","Pasadena, California, United States","Custom software development firm that designs and develops web apps, media software, desktop apps, embedded systems and more.","89,084"
Itransition,https://www.crunchbase.com/organization/itransition,"Document Management, Embedded Systems, Software","Austin, Texas, United States","Itransition Group Ltd. offers custom solution development, including Microsoft software product customization and integration. Document","89,585"
Galileo Technology,https://www.crunchbase.com/organization/galileo-technology,"Electronics, Embedded Systems, Energy, Manufacturing, Semiconductor","San Jose, California, United States",Galileo Technology is a fabless semiconductor company.,"90,274"
Vector,https://www.crunchbase.com/organization/vector-2,,"Novi, Michigan, United States",Vector provides OEMs and suppliers of automotive and related industries a professional and open development platform.,"92,111"
Sonics,https://www.crunchbase.com/organization/sonics,"Digital Entertainment, Embedded Systems, Mobile Devices, Wireless","Milpitas, California, United States","Sonics supplies on-chip communications solutions for home entertainment, wireless, networking and mobile devices.","95,361"
Spansion,https://www.crunchbase.com/organization/spansion,"Embedded Systems, Hardware, Software","Sunnyvale, California, United States",Spansion is a company works on flash memory solutions.,"106,155"
Icon Labs,https://www.crunchbase.com/organization/iconlabs,"Cyber Security, Embedded Software, Embedded Systems, Internet of Things, Satellite Communication, Security","West Des Moines, Iowa, United States",Icon Labs provides unique and specialized security software for IoT devices and embedded systems.,"107,363"
Iron Systems Inc.,https://www.crunchbase.com/organization/iron-systems-inc,"Embedded Systems, Manufacturing","San Jose, California, United States","OEM Design, Global Integration & Supply","107,684"
"Viewpoint Systems, Inc.",https://www.crunchbase.com/organization/viewpoint-systems,"Embedded Systems, Software Engineering, Test and Measurement","Rochester, New York, United States",Custom automated test systems & industrial embedded systems. Software Development | Circuit Board Design | System Integration,"108,642"
The Hackerati,https://www.crunchbase.com/organization/the-hackerati,"Analytics, Artificial Intelligence, Big Data, Cloud Computing, Embedded Systems, Machine Learning, Mobile, Social Media, Software","New York, New York, United States","The Hackerati is a technology company of developers, designers, and scientists.","110,385"
Grimm,https://www.crunchbase.com/organization/grimm,,"Arlington, Virginia, United States",Cybersecurity research and development services,"111,097"
Dust Networks,https://www.crunchbase.com/organization/dust-networks,"Communication Hardware, Embedded Systems, Mobile, Wireless","Hayward, California, United States","Dust Networks, the leader in standards-based intelligent wireless sensor networking (WSN), provides ultra low-power, highly reliable","112,067"
Olea Systems,https://www.crunchbase.com/organization/olea-systems,"Information Services, Information Technology, Internet of Things","Reno, Nevada, United States",Olea Sensor networks develops intelligent sensors and analytic software.,"115,170"
GlobalSpec,https://www.crunchbase.com/organization/globalspec,"Advertising Platforms, Embedded Systems, Information Services, Publishing, Search Engine","Troy, New York, United States","GlobalSpec, Inc. operates as a specialized vertical search, information services, and e-publishing company. It provides domain-expert","115,441"
TestQuest,https://www.crunchbase.com/organization/testquest,"Application Performance Management, Embedded Systems, Management Information Systems, Software","Minneapolis, Minnesota, United States","TestQuest develops TestQuest Pro, a test automation and management tool for embedded systems of mobile devices and applications.","116,309"
SMSC,https://www.crunchbase.com/organization/smsc,"Automotive, Developer APIs, Embedded Systems, Semiconductor, Web Design, Wireless","Hauppauge, New York, United States",SMSC is a leading developer of Smart Mixed-Signal Connectivity solutions. SMSC employs a unique systems level approach that incorporates,"116,470"
McObject,https://www.crunchbase.com/organization/mcobject,"Consumer Electronics, Developer Tools, Embedded Systems, Hardware, Mobile, National Security, Real Time, Software, Telecommunications","Federal Way, Washington, United States",Embedded database software developer,"116,666"
Vector Software,https://www.crunchbase.com/organization/vector-software,"Embedded Systems, Software","East Greenwich, Rhode Island, United States",Vector Software provides proven test solutions for reliable software.,"118,492"
Packet Island,https://www.crunchbase.com/organization/packet-island,"Embedded Systems, SaaS, Software, VoIP","Cupertino, California, United States","Packet Island specializes in network management, telecom, and embedded systems.","119,979"
Swell Software,https://www.crunchbase.com/organization/swell-software,"Apps, Embedded Systems, Software","Port Huron, Michigan, United States",Swell Software focuses on providing graphics software solutions for embedded systems.,"122,830"
Integrated Systems Inc.,https://www.crunchbase.com/organization/integrated-systems-inc,"Embedded Systems, Software","Santa Clara, California, United States","Integrated Systems provides software, tools, and engineering services for the embedded systems market.","123,348"
CUBUS Solutions,https://www.crunchbase.com/organization/cubus-solutions,"Embedded Systems, Software","Livermore, California, United States",Online banking sofware for credit unions,"124,618"
VaST Systems Technology,https://www.crunchbase.com/organization/vast-systems-technology,"Developer Platform, Embedded Systems, Intellectual Property, Software","Sunnyvale, California, United States",VaST Systems Technology builds and markets design tools and intellectual property to support the engineering of mixed-technology systems.,"127,616"
Station Digital Media,https://www.crunchbase.com/organization/station-digital-media,"Android, Embedded Systems, Mobile","Long Beach, California, United States",Best-in-class consumer experiences.,"130,062"
Spectral Solutions,https://www.crunchbase.com/organization/spectral-solutions,"Agriculture, Drones, Electric Vehicle, Embedded Systems, Emerging Markets, Natural Resources, Sustainability","Davis, California, United States",Unmanned Airborne Hyperspectral Imagery,"133,475"
Maxerience Electrosystems,https://www.crunchbase.com/organization/maxerience-electrosystems,"Embedded Systems, Semiconductor","Santa Clara, California, United States",Maxerience Electrosystems builds embedded visual intelligence systems for object identification in dynamic environments.,"141,090"
UBM Electronics,https://www.crunchbase.com/organization/ubm-electronics,"Advertising, Electronics, Embedded Systems","San Francisco, California, United States",Powers the Global Electronics Market,"141,268"
Encirq Corporation,https://www.crunchbase.com/organization/encirq-corporation,"Apps, Data Integration, Embedded Systems, Software","Burlingame, California, United States",Encirq Corporation provides data management and data integration solutions for embedded systems.,"144,334"
VDC Research,https://www.crunchbase.com/organization/vdc-research,"Consulting, Embedded Systems, Market Research","Natick, Massachusetts, United States",VDC is the Leading Market Intelligence and Advisory Firm for the Connected World.,"146,238"
DGF Technologies,https://www.crunchbase.com/organization/dgf-technologies,"Consulting, Electronics, Embedded Systems, Software","Somerville, Massachusetts, United States",Engineering consulting and prototyping,"149,639"
Premio,https://www.crunchbase.com/organization/premio,"Cloud Computing, Cloud Storage, Digital Signage, Embedded Systems, Flash Storage, Industrial Automation, Industrial Design, Manufacturing, Mechanical Design, Supply Chain Management","Los Angeles, California, United States",Premio is a premier global ODM/OEM service provider in computing technology.,"150,079"
"Softarex Technologies, Inc.",https://www.crunchbase.com/organization/softarex,"Embedded Systems, Enterprise Software, Mobile, Outsourcing, Product Design, SaaS, Software, Web Development","Alexandria, Virginia, United States","Outsourcing and Custom Software Development Services: Enterprise, Mobile, Web-based and SaaS solutions","150,481"
Micrium,https://www.crunchbase.com/organization/micrium,"Computer, Embedded Systems","Weston, Florida, United States",Micrium is consistently recognized as a leader in embedded software components.,"151,760"
Total Phase,https://www.crunchbase.com/organization/total-phase,,"Santa Clara, California, United States",Total Phase is a leading provider of embedded systems solutions for engineers all over the world.,"152,695"
Lab 651,https://www.crunchbase.com/organization/lab-651,,"Saint Paul, Minnesota, United States",Connecting the Physical World to the Digital Universe,"153,076"
SGW Designworks,https://www.crunchbase.com/organization/sgw-designworks,"Embedded Systems, Industrial","Boise, Idaho, United States",SGW Designworks is focused on the engineering and design of products and equipment for various industries.,"160,021"
ZF Micro Solutions,https://www.crunchbase.com/organization/zf-micro-solutions,"Electronics, Embedded Systems, Hardware, Manufacturing","Palo Alto, California, United States","ZF Micro Solutions is a privately held company founded in 2002 by David L. Feldman, the creator of the PC/104 IEEE standard.","168,381"
Greenliant Systems,https://www.crunchbase.com/organization/greenliant-systems,"Embedded Systems, Hardware, Software","Sunnyvale, California, United States","By leveraging more than 20 years of solid-state storage design expertise, Greenliant Systems is dedicated to developing energy-efficient,","168,560"
Zilog,https://www.crunchbase.com/organization/zilog,"Embedded Systems, Energy Management","Milpitas, California, United States","Zilog is a trusted supplier of application specific, embedded system-on-chip (SoC) solutions for the industrial and consumer markets.","169,294"
Triscend,https://www.crunchbase.com/organization/triscend,"Embedded Systems, FPGA, Hardware, Semiconductor","Mountain View, California, United States",Triscend Corporation is pioneering the creation of field Configurable System-on-Chip (CSoC) devices and Customizable Microcontrollers.,"172,510"
D2M,https://www.crunchbase.com/organization/d2m-inc,"Consulting, Embedded Systems","Sunnyvale, California, United States","D2M, Inc. operates as an engineering consultancy company in the United States. It offers industrial design services, such as market","172,914"
InduSoft,https://www.crunchbase.com/organization/indusoft,"Embedded Systems, Software","Austin, Texas, United States",InduSoft is a powerful HMI SCADA software platform that provides supervisory control and data acquisition applications.,"173,898"
MAGILLEM Design Services,https://www.crunchbase.com/organization/magillem-design-services,Software,"Palo Alto, California, United States",MAGILLEM Design Services engages in the information technology (IT) services sector.,"179,446"
LURACO Technologies,https://www.crunchbase.com/organization/luraco-technologies,,"Arlington, Texas, United States","LURACO Technologies is a high-tech corporation dedicated to providing research, advanced technologies.","180,418"
Proceler,https://www.crunchbase.com/organization/proceler,"Electronics, Embedded Systems, Software","Berkeley, California, United States",Developer of embedded systems designs,"183,795"
A2e Technologies,https://www.crunchbase.com/organization/a2e-technologies,"Consulting, Embedded Systems, Hardware","San Diego, California, United States",A2e Technologies is an electronic design services firm providing custom design and product development services.,"190,019"
Software Design Solutions,https://www.crunchbase.com/organization/software-design-solutions,"Embedded Systems, Industrial Automation, Software","Murrysville, Pennsylvania, United States",Software Design Solutions specializes in embedded systems and Internet of Things applications.,"197,486"
JKI,https://www.crunchbase.com/organization/jki,"Embedded Systems, Software, Software Engineering","Lafayette, California, United States",JKI provides software consulting services in relation to scientific and engineering equipment,"207,734"
Interface & Control Systems,https://www.crunchbase.com/organization/interface-control-systems,"Embedded Systems, Software","Indialantic, Florida, United States","Interface & Control Systems, Inc., a product development and engineering services company, provides real-time, embedded, and autonomous","207,995"
HCC Embedded,https://www.crunchbase.com/organization/hcc-embedded,"Embedded Systems, Information Services, Information Technology","Campbell, California, United States",HCC Embedded experts in securing embedded data.,"212,585"
Beningo Embedded Group,https://www.crunchbase.com/organization/beningo-embedded-group,Consulting,"Linden, Michigan, United States",Beningo Embedded is an embedded software consulting company.,"213,874"
SEGGER Microcontroller Systems,https://www.crunchbase.com/organization/segger-microcontroller-systems,Software,"Gardner, Massachusetts, United States","SEGGER Microcontroller is a full-range supplier of software, hardware, and development tools for embedded systems.","216,473"
Sequi,https://www.crunchbase.com/organization/sequi,"Manufacturing, Network Security, Product Design","Santa Ana, California, United States","Sequi, Inc. designs and manufactures a diverse array of embedded control products.","217,579"
Signum Systems,https://www.crunchbase.com/organization/signum-systems,"Embedded Systems, Manufacturing, Semiconductor","Camarillo, California, United States","Signum Systems provides tools for embedded systems development, in-circuit emulators, debuggers and compilers.","221,946"
Rivetry,https://www.crunchbase.com/organization/rivetry,"Business Development, Embedded Systems, Hardware, Internet of Things, Product Design, Product Search, Software","Portland, Oregon, United States",Rivetry is an IoT-focused product development company that connects people and technology in new ways.,"227,318"
DevelopOnline Corporation,https://www.crunchbase.com/organization/developonline-corporation,"Electronics, Embedded Systems, Internet","Tempe, Arizona, United States",DevelopOnline helps embedded platform developers cut traditional development times in their target markets by as much as 70 percent.,"233,293"
Technologic Systems,https://www.crunchbase.com/organization/technologic-systems,"Embedded Systems, Hardware","Fountain Hills, Arizona, United States",Technologic systems is an American company that produces single board computers for embedded systems.,"234,247"
GE Fanuc,https://www.crunchbase.com/organization/ge-fanuc,"Embedded Systems, Hardware, Industrial Automation, Software","Huntsville, Alabama, United States","GE Fanuc delivers automation hardware and software designed to help users reduce costs, increase efficiency and enhance profitability.","235,048"
Devicix,https://www.crunchbase.com/organization/devicix,"Health Care, Medical Device","Eden Prairie, Minnesota, United States",Devicix provides design and development services for the medical device industry in the United States and internationally.,"235,731"
Xipiter,https://www.crunchbase.com/organization/xipiter,"Embedded Systems, Enterprise Software, Hardware, Mobile Devices","United States, North America","Xipiter helps its clients audit and secure their software, hardware and mobile solutions.","238,783"
"Radicand, Inc.",https://www.crunchbase.com/organization/radicand-inc,"Embedded Systems, Incubators, Industrial Design, Mechanical Design, Mechanical Engineering, Product Design","San Francisco, California, United States",Hardware Product Development & Start-Up Incubator,"240,553"
Jacobian Engineering,https://www.crunchbase.com/organization/jacobian-engineering,,"Alameda, California, United States",Jacobian Engineering is a cyber-security and software development firm that helps companies operate securely and grow rapidly.,"240,936"
DatumTron,https://www.crunchbase.com/organization/datumtron,"Analytics, Artificial Intelligence, Big Data, Data Mining, Embedded Systems","Haworth, New Jersey, United States",Merging Database and Artificial Intelligence Technology,"242,539"
Warden Systems,https://www.crunchbase.com/organization/warden-systems,"Embedded Systems, Network Security","Sterling, Virginia, United States",WardenSystems is a embedded systems and cybersecurity research company that provides solutions to federal agencies and commercial customers.,"243,038"
Anadigm,https://www.crunchbase.com/organization/anadigm,"Embedded Systems, Enterprise Software, Hardware, Software","Mesa, Arizona, United States",Anadigm brings platform-based design to the analog world with prequalified software and hardware components.,"247,251"
Awit Systems Inc.,https://www.crunchbase.com/organization/awit-systems-inc,"Embedded Systems, Internet","Sunnyvale, California, United States",Awit Systems Inc. creates social computer networking applications.,"255,610"
NetSoft,https://www.crunchbase.com/organization/netsoft-2,Recruiting,"Sunnyvale, California, United States","Netsoft is a talent acquisition firm that recruits engineers, salespeople, and marketing personnel for technology companies.","258,120"
Altocom,https://www.crunchbase.com/organization/altocom,"Communications Infrastructure, Embedded Systems","Mountain View, California, United States","AltoCom develops, markets and licenses intellectual property cores, which provide communications solutions to the embedded systems, remote","260,613"
Impulse Accelerated Technologies,https://www.crunchbase.com/organization/impulse-accelerated-technologies,"DSP, Embedded Systems, Software","Kirkland, Washington, United States",Impulse Accelerated Technologies is a software helps teams efficiently move algorithm based logic to FPGA.,"262,062"
AB Tech Solution,https://www.crunchbase.com/organization/ab-tech-solution,"Consulting, Embedded Systems, Hardware, Robotics, Software","Westford, Massachusetts, United States",Electronic device development,"263,611"
Appin Technology Lab,https://www.crunchbase.com/organization/appin-technology-lab,"Embedded Systems, Reputation, Software","Indiana, United States, North America",Appin Technology Lab is an IT firm that designs mobile applications and provides internet reputation management.,"264,924"
API Nanotronics,https://www.crunchbase.com/organization/api-nanotronics,"Aerospace, Embedded Systems, Government, Security","Ronkonkoma, New York, United States",API Nanotronics engages in the manufacture and design of semiconductor and microelectronics circuits for military applications.,"273,142"
Palmchip,https://www.crunchbase.com/organization/palmchip,"Computer, Embedded Systems, Software","Santa Clara, California, United States","Palmchip provides outsourced firmware, software, and hardware design services.","274,733"
Vantron,https://www.crunchbase.com/organization/vantron,"Computer, Embedded Systems, Internet of Things, Software","Pleasanton, California, United States",Vantron Technology is a leading provider of low-power embedded systems.,"274,934"
"NetSilicon, Inc",https://www.crunchbase.com/organization/netsilicon-inc,,"Waltham, Massachusetts, United States","NetSilicon offers integrated hardware and software for intelligent, networked devices.","292,298"
1 Bit Squared,https://www.crunchbase.com/organization/1-bit-squared,"Hardware, Manufacturing","Eugene, Oregon, United States","1BitSquared is a small company that designs and manufactures hardware for research, hobby and professional UAV systems.","294,381"
customKYnetics,https://www.crunchbase.com/organization/customkynetics,"Embedded Systems, Neuroscience","Versailles, Kentucky, United States",customKYnetics develops and distributes rehabilitation engineering products that use NMES to its clients.,"306,791"
StarGen,https://www.crunchbase.com/organization/stargen,"Computer, Embedded Systems, Semiconductor, Telecommunications","Marlborough, Massachusetts, United States",StarGen is a semiconductor company providing serial switched interconnect solutions for computer and communications equipment.,"310,840"
ALT Software ,https://www.crunchbase.com/organization/alt-software,"3D Technology, Software","Canada, Kentucky, United States",Supplier of advanced 2D/3D graphics solutions for high reliability embedded computing platforms.,"315,600"
C-Link Systems,https://www.crunchbase.com/organization/c-link-systems,"Commercial, Education, Industrial Automation","Maine, New York, United States",C-Link Systems has focused on industrial control/automation of process lines and metal rolling mills.,"317,443"
Design Automation Conference,https://www.crunchbase.com/organization/design-automation-conference,"Advertising, Embedded Systems, SEO","Louisville, Colorado, United States",The Design Automation Conference (DAC) is recognized as the premier conference for design and automation of electronic systems.,"321,805"
Cemetech,https://www.crunchbase.com/organization/cemetech,"Embedded Systems, Enterprise Software, Hardware, Online Portals","New York, New York, United States",Cemetech is an online community hub for technology professionals and enthusiasts as well as a hardware and software development group.,"332,432"
Aaron Clarke,https://www.crunchbase.com/organization/aaron-clarke,"Consulting, Embedded Systems","Lockport, New York, United States",I am an embedded systems consultant specializing in software development for consumer electronics.,"333,941"
TransDimension,https://www.crunchbase.com/organization/transdimension,"Embedded Systems, Enterprise Software, Semiconductor, Wireless","Irvine, California, United States","TransDimension products will expand on this base, leveraging our expertise in embedded systems connectivity.","336,996"
Reasoning Inc,https://www.crunchbase.com/organization/reasoning-inc,"Developer Platform, Embedded Software, Embedded Systems, Enterprise Software","Mountain View, California, United States",Reasoning Inc. is a pioneering application service provider (ASP) that specializes in software quality and modernization.,"340,377"
Eembedded,https://www.crunchbase.com/organization/eembedded,,"San Francisco, California, United States",An on-line union of three premier embedded systems development information sources.,"341,624"
PHYTEC,https://www.crunchbase.com/organization/phytec,"Electronics, Embedded Systems, Manufacturing","Bainbridge Island, Washington, United States",PHYTEC provides world class support for OEMs/ODMs seeking high-quality embedded hardware and software solutions.,"341,742"
Aturma Systems,https://www.crunchbase.com/organization/aturma-systems,"Embedded Systems, Software","San Jose, California, United States",Aturma Systems is a software company that brings the Internet of Things to embedded systems.,"343,802"
Essex Corporation,https://www.crunchbase.com/organization/essex-corporation,,"Columbia, Maryland, United States","As of January 25, 2007 Essex Corp. is acquired by Northrop Grumman Space & Mission Systems Corporation. Essex Corporation, through its","348,096"
"Innovative Design Solutions, Inc.",https://www.crunchbase.com/organization/innovative-design-solutions-inc,"Electronics, Manufacturing","Troy, Michigan, United States","Innovative Design Solutions, Inc. designs, develops, manufactures, and integrates electronic systems for automotive, consumer applications.","353,491"
Inari Inc,https://www.crunchbase.com/organization/inari-inc,"Developer Platform, Embedded Systems, Network Hardware, Security","Draper, Utah, United States","Inari is the leading developer of Powerline networking technology, that allows for high-speed data transmission over a existing AC wiring.","358,790"
Gabotronics,https://www.crunchbase.com/organization/gabotronics,"Embedded Systems, Hardware, Software","Bradenton, Florida, United States",Gabotronics designs oscilloscopes which it purports are the smallest in the world.,"358,884"
Intelliflux Labs,https://www.crunchbase.com/organization/intelliflux-labs,"Data Visualization, Embedded Systems, Internet of Things, Mobile Devices, Web Development","Dallas, Texas, United States","A Innovative Startup focused on Embedded Systems, Interactive Applications, Data Visualization and Mobile Development","361,296"
"Big Lake Software, LLC",https://www.crunchbase.com/organization/big-lake-software-llc,"Consulting, Embedded Software, Embedded Systems, Government, Management Consulting, Professional Services, Project Management, Software, Training","Phoenix, Arizona, United States","Big Lake Software, LLC. (BLS) is an SBA 8(a) certified, veteran-owned, boutique consulting and software development company.","367,013"
SSI Embedded Systems Programming,https://www.crunchbase.com/organization/ssi-embedded-systems-programming,,"Glen Ellyn, Illinois, United States",SSI Embedded Systems Programming specializes in  hardware-based real-time software development.,"368,505"
iwNetworks,https://www.crunchbase.com/organization/iwnetworks,"Information Services, Information Technology","Fremont, California, United States",iwNetworks provides enterprise-class data center solutions.,"379,789"
Prpl Foundation,https://www.crunchbase.com/organization/prpl-foundation,,"Santa Clara, California, United States","Prpl is an open-source, community-driven consortium.","380,191"
TBR Electronics,https://www.crunchbase.com/organization/the-board-room-inc,Electronics,"Romeoville, Illinois, United States",TBR Electronics is an electronic engineering firm that develops microprocessor based embedded systems.,"380,567"
Signalogic,https://www.crunchbase.com/organization/signalogic,,"Dallas, Texas, United States",The Supercomputing Systems product line offers high-performance computing (HPC) systems and applications.,"397,115"
TeamLinux,https://www.crunchbase.com/organization/teamlinux,"CAD, EDA, Embedded Systems, Enterprise Software, Information Technology","Dayton, Ohio, United States",TeamLinux Corporation is an enterprise professional services organization offering innovative solutions.,"408,070"
Rotary Robotics,https://www.crunchbase.com/organization/rotary-robotics,"Embedded Systems, Photography, Robotics","Boston, Massachusetts, United States",Rotary Robotics is an engineering company dedicated to bringing aerial photography to the masses.,"409,245"
Pacificware,https://www.crunchbase.com/organization/pacificware,"Apps, Embedded Systems, Hardware, Medical, Software","Santa Clara, California, United States","Pacificware is a organization who provides unique solution to real world engineering applications like medical device, windows application.","411,058"
Talcomp Management Solutions,https://www.crunchbase.com/organization/talcomp-management-solutions,"Embedded Systems, Enterprise Software","Houston, Texas, United States",IT Software,"416,656"
ConvergeX,https://www.crunchbase.com/organization/convergetec,"Embedded Systems, Internet of Things, Mobile, Wireless","San Diego, California, United States",Intelligent connectivity solutions for the IoT/M2M space using secure embedded systems for service providers & device OEMs,"422,014"
Emprog,https://www.crunchbase.com/organization/emprog,Software,"Redwood Shores, California, United States","Emprog is a leading tools integrator of C/C++ compilers, debuggers and other software tools for embedded systems.","450,659"
Broadcom's Wireless IoT Business,https://www.crunchbase.com/organization/broadcom-s-wireless-iot-business,"Embedded Systems, Internet of Things, Wearables","Irvine, California, United States",Broadcom's Wireless IoT Business is a leader in the high-growth consumer IoT market.,"453,599"
Eagle Design Automation,https://www.crunchbase.com/organization/eagle-design-automation,Software,"Beaverton, Oregon, United States",Eagle Design Automation delivers hardware/software co-verification solutions.,"459,335"
First Silicon Solutions,https://www.crunchbase.com/organization/first-silicon-solutions,Software,"Beaverton, Oregon, United States",First Silicon Solutions offers hardware verification and debug technologies. The company provides On-Chip Instrumentation custom silicon,"506,623"
ProMira Software,https://www.crunchbase.com/organization/promira-software,"Embedded Systems, Software","Sunnyvale, California, United States",Total Phase is a leading provider of embedded systems solutions for engineers all over the world.,"531,750"
Digital Brook Technologies,https://www.crunchbase.com/organization/digital-brook-technologies,"Consulting, Developer Tools, Embedded Systems, Project Management, Software, Web Development","Groton, Massachusetts, United States",Ruby on Rails Consulting,"535,414"
AGE Logic,https://www.crunchbase.com/organization/age-logic,,"Boston, Massachusetts, United States","AGE Logic was a supplier of X Window System software that enables PCs, terminals, workstations and embedded systems.","541,472"
Vibren Technologies - Assets,https://www.crunchbase.com/organization/vibren-technologies-2,Information Technology,"Boxborough, Massachusetts, United States",Vibren Technologies - Assets provides engineering development services.,"550,819"
MaxStream,https://www.crunchbase.com/organization/maxstream,Communication Hardware,"Lindon, Utah, United States",MaxStream is a developer of wireless modem networking for electronic devices.,"553,446"
